[
{
    "fields": {
        "nombre": "Presidente Regional"
    },
    "model": "elecciones_app.ambito",
    "pk": 1
},
{
    "fields": {
        "nombre": "Consejero Regional"
    },
    "model": "elecciones_app.ambito",
    "pk": 2
},
{
    "fields": {
        "nombre": "Municipal Provincial"
    },
    "model": "elecciones_app.ambito",
    "pk": 3
},
{
    "fields": {
        "nombre": "Municipal Distrital"
    },
    "model": "elecciones_app.ambito",
    "pk": 4
},
{
    "fields": {
        "nombre": "CAJAMARCA",
        "codDep": "06",
        "codDis": "00",
        "codPro": "00"
    },
    "model": "elecciones_app.ubigeo",
    "pk": 1
},
{
    "fields": {
        "nombre": "CAJAMARCA",
        "codDep": "06",
        "codDis": "00",
        "codPro": "01"
    },
    "model": "elecciones_app.ubigeo",
    "pk": 2
},
{
    "fields": {
        "nombre": "CAJAMARCA",
        "codDep": "06",
        "codDis": "01",
        "codPro": "01"
    },
    "model": "elecciones_app.ubigeo",
    "pk": 3
},
{
    "fields": {
        "nombre": "ASUNCION",
        "codDep": "06",
        "codDis": "02",
        "codPro": "01"
    },
    "model": "elecciones_app.ubigeo",
    "pk": 4
},
{
    "fields": {
        "nombre": "CHETILLA",
        "codDep": "06",
        "codDis": "03",
        "codPro": "01"
    },
    "model": "elecciones_app.ubigeo",
    "pk": 5
},
{
    "fields": {
        "nombre": "COSPAN",
        "codDep": "06",
        "codDis": "04",
        "codPro": "01"
    },
    "model": "elecciones_app.ubigeo",
    "pk": 6
},
{
    "fields": {
        "nombre": "ENCA\u00d1ADA",
        "codDep": "06",
        "codDis": "05",
        "codPro": "01"
    },
    "model": "elecciones_app.ubigeo",
    "pk": 7
},
{
    "fields": {
        "nombre": "JESUS",
        "codDep": "06",
        "codDis": "06",
        "codPro": "01"
    },
    "model": "elecciones_app.ubigeo",
    "pk": 8
},
{
    "fields": {
        "nombre": "LLACANORA",
        "codDep": "06",
        "codDis": "07",
        "codPro": "01"
    },
    "model": "elecciones_app.ubigeo",
    "pk": 9
},
{
    "fields": {
        "nombre": "LOS BA\u00d1OS DEL INCA",
        "codDep": "06",
        "codDis": "08",
        "codPro": "01"
    },
    "model": "elecciones_app.ubigeo",
    "pk": 10
},
{
    "fields": {
        "nombre": "MAGDALENA",
        "codDep": "06",
        "codDis": "09",
        "codPro": "01"
    },
    "model": "elecciones_app.ubigeo",
    "pk": 11
},
{
    "fields": {
        "nombre": "MATARA",
        "codDep": "06",
        "codDis": "10",
        "codPro": "01"
    },
    "model": "elecciones_app.ubigeo",
    "pk": 12
},
{
    "fields": {
        "nombre": "NAMORA",
        "codDep": "06",
        "codDis": "11",
        "codPro": "01"
    },
    "model": "elecciones_app.ubigeo",
    "pk": 13
},
{
    "fields": {
        "nombre": "SAN JUAN",
        "codDep": "06",
        "codDis": "12",
        "codPro": "01"
    },
    "model": "elecciones_app.ubigeo",
    "pk": 14
},
{
    "fields": {
        "nombre": "CAJABAMBA",
        "codDep": "06",
        "codDis": "00",
        "codPro": "02"
    },
    "model": "elecciones_app.ubigeo",
    "pk": 15
},
{
    "fields": {
        "nombre": "CAJABAMBA",
        "codDep": "06",
        "codDis": "01",
        "codPro": "02"
    },
    "model": "elecciones_app.ubigeo",
    "pk": 16
},
{
    "fields": {
        "nombre": "CACHACHI",
        "codDep": "06",
        "codDis": "02",
        "codPro": "02"
    },
    "model": "elecciones_app.ubigeo",
    "pk": 17
},
{
    "fields": {
        "nombre": "CONDEBAMBA",
        "codDep": "06",
        "codDis": "03",
        "codPro": "02"
    },
    "model": "elecciones_app.ubigeo",
    "pk": 18
},
{
    "fields": {
        "nombre": "SITACOCHA",
        "codDep": "06",
        "codDis": "04",
        "codPro": "02"
    },
    "model": "elecciones_app.ubigeo",
    "pk": 19
},
{
    "fields": {
        "nombre": "CELENDIN",
        "codDep": "06",
        "codDis": "00",
        "codPro": "03"
    },
    "model": "elecciones_app.ubigeo",
    "pk": 20
},
{
    "fields": {
        "nombre": "CELENDIN",
        "codDep": "06",
        "codDis": "01",
        "codPro": "03"
    },
    "model": "elecciones_app.ubigeo",
    "pk": 21
},
{
    "fields": {
        "nombre": "CHUMUCH",
        "codDep": "06",
        "codDis": "02",
        "codPro": "03"
    },
    "model": "elecciones_app.ubigeo",
    "pk": 22
},
{
    "fields": {
        "nombre": "CORTEGANA",
        "codDep": "06",
        "codDis": "03",
        "codPro": "03"
    },
    "model": "elecciones_app.ubigeo",
    "pk": 23
},
{
    "fields": {
        "nombre": "HUASMIN",
        "codDep": "06",
        "codDis": "04",
        "codPro": "03"
    },
    "model": "elecciones_app.ubigeo",
    "pk": 24
},
{
    "fields": {
        "nombre": "JORGE CHAVEZ",
        "codDep": "06",
        "codDis": "05",
        "codPro": "03"
    },
    "model": "elecciones_app.ubigeo",
    "pk": 25
},
{
    "fields": {
        "nombre": "JOSE GALVEZ",
        "codDep": "06",
        "codDis": "06",
        "codPro": "03"
    },
    "model": "elecciones_app.ubigeo",
    "pk": 26
},
{
    "fields": {
        "nombre": "MIGUEL IGLESIAS",
        "codDep": "06",
        "codDis": "07",
        "codPro": "03"
    },
    "model": "elecciones_app.ubigeo",
    "pk": 27
},
{
    "fields": {
        "nombre": "OXAMARCA",
        "codDep": "06",
        "codDis": "08",
        "codPro": "03"
    },
    "model": "elecciones_app.ubigeo",
    "pk": 28
},
{
    "fields": {
        "nombre": "SOROCHUCO",
        "codDep": "06",
        "codDis": "09",
        "codPro": "03"
    },
    "model": "elecciones_app.ubigeo",
    "pk": 29
},
{
    "fields": {
        "nombre": "SUCRE",
        "codDep": "06",
        "codDis": "10",
        "codPro": "03"
    },
    "model": "elecciones_app.ubigeo",
    "pk": 30
},
{
    "fields": {
        "nombre": "UTCO",
        "codDep": "06",
        "codDis": "11",
        "codPro": "03"
    },
    "model": "elecciones_app.ubigeo",
    "pk": 31
},
{
    "fields": {
        "nombre": "LA LIBERTAD DE PALLAN",
        "codDep": "06",
        "codDis": "12",
        "codPro": "03"
    },
    "model": "elecciones_app.ubigeo",
    "pk": 32
},
{
    "fields": {
        "nombre": "CHOTA",
        "codDep": "06",
        "codDis": "00",
        "codPro": "04"
    },
    "model": "elecciones_app.ubigeo",
    "pk": 33
},
{
    "fields": {
        "nombre": "CHOTA",
        "codDep": "06",
        "codDis": "01",
        "codPro": "04"
    },
    "model": "elecciones_app.ubigeo",
    "pk": 34
},
{
    "fields": {
        "nombre": "ANGUIA",
        "codDep": "06",
        "codDis": "02",
        "codPro": "04"
    },
    "model": "elecciones_app.ubigeo",
    "pk": 35
},
{
    "fields": {
        "nombre": "CHADIN",
        "codDep": "06",
        "codDis": "03",
        "codPro": "04"
    },
    "model": "elecciones_app.ubigeo",
    "pk": 36
},
{
    "fields": {
        "nombre": "CHIGUIRIP",
        "codDep": "06",
        "codDis": "04",
        "codPro": "04"
    },
    "model": "elecciones_app.ubigeo",
    "pk": 37
},
{
    "fields": {
        "nombre": "CHIMBAN",
        "codDep": "06",
        "codDis": "05",
        "codPro": "04"
    },
    "model": "elecciones_app.ubigeo",
    "pk": 38
},
{
    "fields": {
        "nombre": "CHOROPAMPA",
        "codDep": "06",
        "codDis": "06",
        "codPro": "04"
    },
    "model": "elecciones_app.ubigeo",
    "pk": 39
},
{
    "fields": {
        "nombre": "COCHABAMBA",
        "codDep": "06",
        "codDis": "07",
        "codPro": "04"
    },
    "model": "elecciones_app.ubigeo",
    "pk": 40
},
{
    "fields": {
        "nombre": "CONCHAN",
        "codDep": "06",
        "codDis": "08",
        "codPro": "04"
    },
    "model": "elecciones_app.ubigeo",
    "pk": 41
},
{
    "fields": {
        "nombre": "HUAMBOS",
        "codDep": "06",
        "codDis": "09",
        "codPro": "04"
    },
    "model": "elecciones_app.ubigeo",
    "pk": 42
},
{
    "fields": {
        "nombre": "LAJAS",
        "codDep": "06",
        "codDis": "10",
        "codPro": "04"
    },
    "model": "elecciones_app.ubigeo",
    "pk": 43
},
{
    "fields": {
        "nombre": "LLAMA",
        "codDep": "06",
        "codDis": "11",
        "codPro": "04"
    },
    "model": "elecciones_app.ubigeo",
    "pk": 44
},
{
    "fields": {
        "nombre": "MIRACOSTA",
        "codDep": "06",
        "codDis": "12",
        "codPro": "04"
    },
    "model": "elecciones_app.ubigeo",
    "pk": 45
},
{
    "fields": {
        "nombre": "PACCHA",
        "codDep": "06",
        "codDis": "13",
        "codPro": "04"
    },
    "model": "elecciones_app.ubigeo",
    "pk": 46
},
{
    "fields": {
        "nombre": "PION",
        "codDep": "06",
        "codDis": "14",
        "codPro": "04"
    },
    "model": "elecciones_app.ubigeo",
    "pk": 47
},
{
    "fields": {
        "nombre": "QUEROCOTO",
        "codDep": "06",
        "codDis": "15",
        "codPro": "04"
    },
    "model": "elecciones_app.ubigeo",
    "pk": 48
},
{
    "fields": {
        "nombre": "SAN JUAN DE LICUPIS",
        "codDep": "06",
        "codDis": "16",
        "codPro": "04"
    },
    "model": "elecciones_app.ubigeo",
    "pk": 49
},
{
    "fields": {
        "nombre": "TACABAMBA",
        "codDep": "06",
        "codDis": "17",
        "codPro": "04"
    },
    "model": "elecciones_app.ubigeo",
    "pk": 50
},
{
    "fields": {
        "nombre": "TOCMOCHE",
        "codDep": "06",
        "codDis": "18",
        "codPro": "04"
    },
    "model": "elecciones_app.ubigeo",
    "pk": 51
},
{
    "fields": {
        "nombre": "CHALAMARCA",
        "codDep": "06",
        "codDis": "19",
        "codPro": "04"
    },
    "model": "elecciones_app.ubigeo",
    "pk": 52
},
{
    "fields": {
        "nombre": "CONTUMAZA",
        "codDep": "06",
        "codDis": "00",
        "codPro": "05"
    },
    "model": "elecciones_app.ubigeo",
    "pk": 53
},
{
    "fields": {
        "nombre": "CONTUMAZA",
        "codDep": "06",
        "codDis": "01",
        "codPro": "05"
    },
    "model": "elecciones_app.ubigeo",
    "pk": 54
},
{
    "fields": {
        "nombre": "CHILETE",
        "codDep": "06",
        "codDis": "02",
        "codPro": "05"
    },
    "model": "elecciones_app.ubigeo",
    "pk": 55
},
{
    "fields": {
        "nombre": "CUPISNIQUE",
        "codDep": "06",
        "codDis": "03",
        "codPro": "05"
    },
    "model": "elecciones_app.ubigeo",
    "pk": 56
},
{
    "fields": {
        "nombre": "GUZMANGO",
        "codDep": "06",
        "codDis": "04",
        "codPro": "05"
    },
    "model": "elecciones_app.ubigeo",
    "pk": 57
},
{
    "fields": {
        "nombre": "SAN BENITO",
        "codDep": "06",
        "codDis": "05",
        "codPro": "05"
    },
    "model": "elecciones_app.ubigeo",
    "pk": 58
},
{
    "fields": {
        "nombre": "SANTA CRUZ DE TOLED",
        "codDep": "06",
        "codDis": "06",
        "codPro": "05"
    },
    "model": "elecciones_app.ubigeo",
    "pk": 59
},
{
    "fields": {
        "nombre": "TANTARICA",
        "codDep": "06",
        "codDis": "07",
        "codPro": "05"
    },
    "model": "elecciones_app.ubigeo",
    "pk": 60
},
{
    "fields": {
        "nombre": "YONAN",
        "codDep": "06",
        "codDis": "08",
        "codPro": "05"
    },
    "model": "elecciones_app.ubigeo",
    "pk": 61
},
{
    "fields": {
        "nombre": "CUTERVO",
        "codDep": "06",
        "codDis": "00",
        "codPro": "06"
    },
    "model": "elecciones_app.ubigeo",
    "pk": 62
},
{
    "fields": {
        "nombre": "CUTERVO",
        "codDep": "06",
        "codDis": "01",
        "codPro": "06"
    },
    "model": "elecciones_app.ubigeo",
    "pk": 63
},
{
    "fields": {
        "nombre": "CALLAYUC",
        "codDep": "06",
        "codDis": "02",
        "codPro": "06"
    },
    "model": "elecciones_app.ubigeo",
    "pk": 64
},
{
    "fields": {
        "nombre": "CHOROS",
        "codDep": "06",
        "codDis": "03",
        "codPro": "06"
    },
    "model": "elecciones_app.ubigeo",
    "pk": 65
},
{
    "fields": {
        "nombre": "CUJILLO",
        "codDep": "06",
        "codDis": "04",
        "codPro": "06"
    },
    "model": "elecciones_app.ubigeo",
    "pk": 66
},
{
    "fields": {
        "nombre": "LA RAMADA",
        "codDep": "06",
        "codDis": "05",
        "codPro": "06"
    },
    "model": "elecciones_app.ubigeo",
    "pk": 67
},
{
    "fields": {
        "nombre": "PIMPINGOS",
        "codDep": "06",
        "codDis": "06",
        "codPro": "06"
    },
    "model": "elecciones_app.ubigeo",
    "pk": 68
},
{
    "fields": {
        "nombre": "QUEROCOTILLO",
        "codDep": "06",
        "codDis": "07",
        "codPro": "06"
    },
    "model": "elecciones_app.ubigeo",
    "pk": 69
},
{
    "fields": {
        "nombre": "SAN ANDRES DE CUTERVO",
        "codDep": "06",
        "codDis": "08",
        "codPro": "06"
    },
    "model": "elecciones_app.ubigeo",
    "pk": 70
},
{
    "fields": {
        "nombre": "SAN JUAN DE CUTERVO",
        "codDep": "06",
        "codDis": "09",
        "codPro": "06"
    },
    "model": "elecciones_app.ubigeo",
    "pk": 71
},
{
    "fields": {
        "nombre": "SAN LUIS DE LUCMA",
        "codDep": "06",
        "codDis": "10",
        "codPro": "06"
    },
    "model": "elecciones_app.ubigeo",
    "pk": 72
},
{
    "fields": {
        "nombre": "SANTA CRUZ",
        "codDep": "06",
        "codDis": "11",
        "codPro": "06"
    },
    "model": "elecciones_app.ubigeo",
    "pk": 73
},
{
    "fields": {
        "nombre": "SANTO DOMINGO DE LA CAPILLA",
        "codDep": "06",
        "codDis": "12",
        "codPro": "06"
    },
    "model": "elecciones_app.ubigeo",
    "pk": 74
},
{
    "fields": {
        "nombre": "SANTO TOMAS",
        "codDep": "06",
        "codDis": "13",
        "codPro": "06"
    },
    "model": "elecciones_app.ubigeo",
    "pk": 75
},
{
    "fields": {
        "nombre": "SOCOTA",
        "codDep": "06",
        "codDis": "14",
        "codPro": "06"
    },
    "model": "elecciones_app.ubigeo",
    "pk": 76
},
{
    "fields": {
        "nombre": "TORIBIO CASANOVA",
        "codDep": "06",
        "codDis": "15",
        "codPro": "06"
    },
    "model": "elecciones_app.ubigeo",
    "pk": 77
},
{
    "fields": {
        "nombre": "HUALGAYOC",
        "codDep": "06",
        "codDis": "00",
        "codPro": "07"
    },
    "model": "elecciones_app.ubigeo",
    "pk": 78
},
{
    "fields": {
        "nombre": "BAMBAMARCA",
        "codDep": "06",
        "codDis": "01",
        "codPro": "07"
    },
    "model": "elecciones_app.ubigeo",
    "pk": 79
},
{
    "fields": {
        "nombre": "CHUGUR",
        "codDep": "06",
        "codDis": "02",
        "codPro": "07"
    },
    "model": "elecciones_app.ubigeo",
    "pk": 80
},
{
    "fields": {
        "nombre": "HUALGAYOC",
        "codDep": "06",
        "codDis": "03",
        "codPro": "07"
    },
    "model": "elecciones_app.ubigeo",
    "pk": 81
},
{
    "fields": {
        "nombre": "JAEN",
        "codDep": "06",
        "codDis": "00",
        "codPro": "08"
    },
    "model": "elecciones_app.ubigeo",
    "pk": 82
},
{
    "fields": {
        "nombre": "JAEN",
        "codDep": "06",
        "codDis": "01",
        "codPro": "08"
    },
    "model": "elecciones_app.ubigeo",
    "pk": 83
},
{
    "fields": {
        "nombre": "BELLAVISTA",
        "codDep": "06",
        "codDis": "02",
        "codPro": "08"
    },
    "model": "elecciones_app.ubigeo",
    "pk": 84
},
{
    "fields": {
        "nombre": "CHONTALI",
        "codDep": "06",
        "codDis": "03",
        "codPro": "08"
    },
    "model": "elecciones_app.ubigeo",
    "pk": 85
},
{
    "fields": {
        "nombre": "COLASAY",
        "codDep": "06",
        "codDis": "04",
        "codPro": "08"
    },
    "model": "elecciones_app.ubigeo",
    "pk": 86
},
{
    "fields": {
        "nombre": "HUABAL",
        "codDep": "06",
        "codDis": "05",
        "codPro": "08"
    },
    "model": "elecciones_app.ubigeo",
    "pk": 87
},
{
    "fields": {
        "nombre": "LAS PIRIAS",
        "codDep": "06",
        "codDis": "06",
        "codPro": "08"
    },
    "model": "elecciones_app.ubigeo",
    "pk": 88
},
{
    "fields": {
        "nombre": "POMAHUACA",
        "codDep": "06",
        "codDis": "07",
        "codPro": "08"
    },
    "model": "elecciones_app.ubigeo",
    "pk": 89
},
{
    "fields": {
        "nombre": "PUCARA",
        "codDep": "06",
        "codDis": "08",
        "codPro": "08"
    },
    "model": "elecciones_app.ubigeo",
    "pk": 90
},
{
    "fields": {
        "nombre": "SALLIQUE",
        "codDep": "06",
        "codDis": "09",
        "codPro": "08"
    },
    "model": "elecciones_app.ubigeo",
    "pk": 91
},
{
    "fields": {
        "nombre": "SAN FELIPE",
        "codDep": "06",
        "codDis": "10",
        "codPro": "08"
    },
    "model": "elecciones_app.ubigeo",
    "pk": 92
},
{
    "fields": {
        "nombre": "SAN JOSE DEL ALTO",
        "codDep": "06",
        "codDis": "11",
        "codPro": "08"
    },
    "model": "elecciones_app.ubigeo",
    "pk": 93
},
{
    "fields": {
        "nombre": "SANTA ROSA",
        "codDep": "06",
        "codDis": "12",
        "codPro": "08"
    },
    "model": "elecciones_app.ubigeo",
    "pk": 94
},
{
    "fields": {
        "nombre": "SAN IGNACIO",
        "codDep": "06",
        "codDis": "00",
        "codPro": "09"
    },
    "model": "elecciones_app.ubigeo",
    "pk": 95
},
{
    "fields": {
        "nombre": "SAN IGNACIO",
        "codDep": "06",
        "codDis": "01",
        "codPro": "09"
    },
    "model": "elecciones_app.ubigeo",
    "pk": 96
},
{
    "fields": {
        "nombre": "CHIRINOS",
        "codDep": "06",
        "codDis": "02",
        "codPro": "09"
    },
    "model": "elecciones_app.ubigeo",
    "pk": 97
},
{
    "fields": {
        "nombre": "HUARANGO",
        "codDep": "06",
        "codDis": "03",
        "codPro": "09"
    },
    "model": "elecciones_app.ubigeo",
    "pk": 98
},
{
    "fields": {
        "nombre": "LA COIPA",
        "codDep": "06",
        "codDis": "04",
        "codPro": "09"
    },
    "model": "elecciones_app.ubigeo",
    "pk": 99
},
{
    "fields": {
        "nombre": "NAMBALLE",
        "codDep": "06",
        "codDis": "05",
        "codPro": "09"
    },
    "model": "elecciones_app.ubigeo",
    "pk": 100
},
{
    "fields": {
        "nombre": "SAN JOSE DE LOURDES",
        "codDep": "06",
        "codDis": "06",
        "codPro": "09"
    },
    "model": "elecciones_app.ubigeo",
    "pk": 101
},
{
    "fields": {
        "nombre": "TABACONAS",
        "codDep": "06",
        "codDis": "07",
        "codPro": "09"
    },
    "model": "elecciones_app.ubigeo",
    "pk": 102
},
{
    "fields": {
        "nombre": "SAN MARCOS",
        "codDep": "06",
        "codDis": "00",
        "codPro": "10"
    },
    "model": "elecciones_app.ubigeo",
    "pk": 103
},
{
    "fields": {
        "nombre": "PEDRO GALVEZ",
        "codDep": "06",
        "codDis": "01",
        "codPro": "10"
    },
    "model": "elecciones_app.ubigeo",
    "pk": 104
},
{
    "fields": {
        "nombre": "CHANCAY",
        "codDep": "06",
        "codDis": "02",
        "codPro": "10"
    },
    "model": "elecciones_app.ubigeo",
    "pk": 105
},
{
    "fields": {
        "nombre": "EDUARDO VILLANUEVA",
        "codDep": "06",
        "codDis": "03",
        "codPro": "10"
    },
    "model": "elecciones_app.ubigeo",
    "pk": 106
},
{
    "fields": {
        "nombre": "GREGORIO PITA",
        "codDep": "06",
        "codDis": "04",
        "codPro": "10"
    },
    "model": "elecciones_app.ubigeo",
    "pk": 107
},
{
    "fields": {
        "nombre": "ICHOCAN",
        "codDep": "06",
        "codDis": "05",
        "codPro": "10"
    },
    "model": "elecciones_app.ubigeo",
    "pk": 108
},
{
    "fields": {
        "nombre": "JOSE MANUEL QUIROZ",
        "codDep": "06",
        "codDis": "06",
        "codPro": "10"
    },
    "model": "elecciones_app.ubigeo",
    "pk": 109
},
{
    "fields": {
        "nombre": "JOSE SABOGAL",
        "codDep": "06",
        "codDis": "07",
        "codPro": "10"
    },
    "model": "elecciones_app.ubigeo",
    "pk": 110
},
{
    "fields": {
        "nombre": "SAN MIGUEL",
        "codDep": "06",
        "codDis": "00",
        "codPro": "11"
    },
    "model": "elecciones_app.ubigeo",
    "pk": 111
},
{
    "fields": {
        "nombre": "SAN MIGUEL",
        "codDep": "06",
        "codDis": "01",
        "codPro": "11"
    },
    "model": "elecciones_app.ubigeo",
    "pk": 112
},
{
    "fields": {
        "nombre": "BOLIVAR",
        "codDep": "06",
        "codDis": "02",
        "codPro": "11"
    },
    "model": "elecciones_app.ubigeo",
    "pk": 113
},
{
    "fields": {
        "nombre": "CALQUIS",
        "codDep": "06",
        "codDis": "03",
        "codPro": "11"
    },
    "model": "elecciones_app.ubigeo",
    "pk": 114
},
{
    "fields": {
        "nombre": "CATILLUC",
        "codDep": "06",
        "codDis": "04",
        "codPro": "11"
    },
    "model": "elecciones_app.ubigeo",
    "pk": 115
},
{
    "fields": {
        "nombre": "EL PRADO",
        "codDep": "06",
        "codDis": "05",
        "codPro": "11"
    },
    "model": "elecciones_app.ubigeo",
    "pk": 116
},
{
    "fields": {
        "nombre": "LA FLORIDA",
        "codDep": "06",
        "codDis": "06",
        "codPro": "11"
    },
    "model": "elecciones_app.ubigeo",
    "pk": 117
},
{
    "fields": {
        "nombre": "LLAPA",
        "codDep": "06",
        "codDis": "07",
        "codPro": "11"
    },
    "model": "elecciones_app.ubigeo",
    "pk": 118
},
{
    "fields": {
        "nombre": "NANCHOC",
        "codDep": "06",
        "codDis": "08",
        "codPro": "11"
    },
    "model": "elecciones_app.ubigeo",
    "pk": 119
},
{
    "fields": {
        "nombre": "NIEPOS",
        "codDep": "06",
        "codDis": "09",
        "codPro": "11"
    },
    "model": "elecciones_app.ubigeo",
    "pk": 120
},
{
    "fields": {
        "nombre": "SAN GREGORIO",
        "codDep": "06",
        "codDis": "10",
        "codPro": "11"
    },
    "model": "elecciones_app.ubigeo",
    "pk": 121
},
{
    "fields": {
        "nombre": "SAN SILVESTRE DE COCHAN",
        "codDep": "06",
        "codDis": "11",
        "codPro": "11"
    },
    "model": "elecciones_app.ubigeo",
    "pk": 122
},
{
    "fields": {
        "nombre": "TONGOD",
        "codDep": "06",
        "codDis": "12",
        "codPro": "11"
    },
    "model": "elecciones_app.ubigeo",
    "pk": 123
},
{
    "fields": {
        "nombre": "UNION AGUA BLANCA",
        "codDep": "06",
        "codDis": "13",
        "codPro": "11"
    },
    "model": "elecciones_app.ubigeo",
    "pk": 124
},
{
    "fields": {
        "nombre": "SAN PABLO",
        "codDep": "06",
        "codDis": "00",
        "codPro": "12"
    },
    "model": "elecciones_app.ubigeo",
    "pk": 125
},
{
    "fields": {
        "nombre": "SAN PABLO",
        "codDep": "06",
        "codDis": "01",
        "codPro": "12"
    },
    "model": "elecciones_app.ubigeo",
    "pk": 126
},
{
    "fields": {
        "nombre": "SAN BERNARDINO",
        "codDep": "06",
        "codDis": "02",
        "codPro": "12"
    },
    "model": "elecciones_app.ubigeo",
    "pk": 127
},
{
    "fields": {
        "nombre": "SAN LUIS",
        "codDep": "06",
        "codDis": "03",
        "codPro": "12"
    },
    "model": "elecciones_app.ubigeo",
    "pk": 128
},
{
    "fields": {
        "nombre": "TUMBADEN",
        "codDep": "06",
        "codDis": "04",
        "codPro": "12"
    },
    "model": "elecciones_app.ubigeo",
    "pk": 129
},
{
    "fields": {
        "nombre": "SANTA CRUZ",
        "codDep": "06",
        "codDis": "00",
        "codPro": "13"
    },
    "model": "elecciones_app.ubigeo",
    "pk": 130
},
{
    "fields": {
        "nombre": "SANTA CRUZ",
        "codDep": "06",
        "codDis": "01",
        "codPro": "13"
    },
    "model": "elecciones_app.ubigeo",
    "pk": 131
},
{
    "fields": {
        "nombre": "ANDABAMBA",
        "codDep": "06",
        "codDis": "02",
        "codPro": "13"
    },
    "model": "elecciones_app.ubigeo",
    "pk": 132
},
{
    "fields": {
        "nombre": "CATACHE",
        "codDep": "06",
        "codDis": "03",
        "codPro": "13"
    },
    "model": "elecciones_app.ubigeo",
    "pk": 133
},
{
    "fields": {
        "nombre": "CHANCAYBA\u00d1OS",
        "codDep": "06",
        "codDis": "04",
        "codPro": "13"
    },
    "model": "elecciones_app.ubigeo",
    "pk": 134
},
{
    "fields": {
        "nombre": "LA ESPERANZA",
        "codDep": "06",
        "codDis": "05",
        "codPro": "13"
    },
    "model": "elecciones_app.ubigeo",
    "pk": 135
},
{
    "fields": {
        "nombre": "NINABAMBA",
        "codDep": "06",
        "codDis": "06",
        "codPro": "13"
    },
    "model": "elecciones_app.ubigeo",
    "pk": 136
},
{
    "fields": {
        "nombre": "PULAN",
        "codDep": "06",
        "codDis": "07",
        "codPro": "13"
    },
    "model": "elecciones_app.ubigeo",
    "pk": 137
},
{
    "fields": {
        "nombre": "SAUCEPAMPA",
        "codDep": "06",
        "codDis": "08",
        "codPro": "13"
    },
    "model": "elecciones_app.ubigeo",
    "pk": 138
},
{
    "fields": {
        "nombre": "SEXI",
        "codDep": "06",
        "codDis": "09",
        "codPro": "13"
    },
    "model": "elecciones_app.ubigeo",
    "pk": 139
},
{
    "fields": {
        "nombre": "UTICYACU",
        "codDep": "06",
        "codDis": "10",
        "codPro": "13"
    },
    "model": "elecciones_app.ubigeo",
    "pk": 140
},
{
    "fields": {
        "nombre": "YAUYUCAN",
        "codDep": "06",
        "codDis": "11",
        "codPro": "13"
    },
    "model": "elecciones_app.ubigeo",
    "pk": 141
},
{
    "fields": {
        "nombre": "I.E.P. San Jos\u00e9 de Sucre",
        "ubigeo": 30
    },
    "model": "elecciones_app.centrovotacion",
    "pk": 1
},
{
    "fields": {
        "nombre": "I.E.P. Jos\u00e9 Galvez",
        "ubigeo": 26
    },
    "model": "elecciones_app.centrovotacion",
    "pk": 2
},
{
    "fields": {
        "centroVotacion": 1,
        "codigo": "230491",
        "electoresHabiles": 192
    },
    "model": "elecciones_app.grupovotacion",
    "pk": 1
},
{
    "fields": {
        "centroVotacion": 1,
        "codigo": "230492",
        "electoresHabiles": 200
    },
    "model": "elecciones_app.grupovotacion",
    "pk": 2
},
{
    "fields": {
        "centroVotacion": 1,
        "codigo": "230493",
        "electoresHabiles": 190
    },
    "model": "elecciones_app.grupovotacion",
    "pk": 3
},
{
    "fields": {
        "centroVotacion": 2,
        "codigo": "250021",
        "electoresHabiles": 190
    },
    "model": "elecciones_app.grupovotacion",
    "pk": 4
},
{
    "fields": {
        "centroVotacion": 2,
        "codigo": "250022",
        "electoresHabiles": 203
    },
    "model": "elecciones_app.grupovotacion",
    "pk": 5
},
{
    "fields": {
        "nombre": "MAS",
        "logo": ""
    },
    "model": "elecciones_app.agrupacionpolitica",
    "pk": 1
},
{
    "fields": {
        "nombre": "Fuerza Social",
        "logo": ""
    },
    "model": "elecciones_app.agrupacionpolitica",
    "pk": 2
},
{
    "fields": {
        "nombre": "Cajamarca Siempre Verde",
        "logo": ""
    },
    "model": "elecciones_app.agrupacionpolitica",
    "pk": 3
},
{
    "fields": {
        "nombre": "Dialogo Social",
        "logo": ""
    },
    "model": "elecciones_app.agrupacionpolitica",
    "pk": 4
},
{
    "fields": {
        "nombre": "Acci\u00f3n Popular",
        "logo": ""
    },
    "model": "elecciones_app.agrupacionpolitica",
    "pk": 5
},
{
    "fields": {
        "nombre": "APRA",
        "logo": ""
    },
    "model": "elecciones_app.agrupacionpolitica",
    "pk": 6
},
{
    "fields": {
        "nombre": "Alianza para el Progreso",
        "logo": ""
    },
    "model": "elecciones_app.agrupacionpolitica",
    "pk": 7
},
{
    "fields": {
        "nombre": "Solidaridad Nacional",
        "logo": ""
    },
    "model": "elecciones_app.agrupacionpolitica",
    "pk": 8
},
{
    "fields": {
        "ambito": 1,
        "agrupacionPolitica": 1,
        "ubigeo": 30
    },
    "model": "elecciones_app.apoliticaubigeo",
    "pk": 1
},
{
    "fields": {
        "ambito": 2,
        "agrupacionPolitica": 1,
        "ubigeo": 30
    },
    "model": "elecciones_app.apoliticaubigeo",
    "pk": 2
},
{
    "fields": {
        "ambito": 3,
        "agrupacionPolitica": 1,
        "ubigeo": 30
    },
    "model": "elecciones_app.apoliticaubigeo",
    "pk": 3
},
{
    "fields": {
        "ambito": 4,
        "agrupacionPolitica": 1,
        "ubigeo": 30
    },
    "model": "elecciones_app.apoliticaubigeo",
    "pk": 4
},
{
    "fields": {
        "ambito": 4,
        "agrupacionPolitica": 5,
        "ubigeo": 30
    },
    "model": "elecciones_app.apoliticaubigeo",
    "pk": 5
},
{
    "fields": {
        "ambito": 1,
        "agrupacionPolitica": 2,
        "ubigeo": 30
    },
    "model": "elecciones_app.apoliticaubigeo",
    "pk": 6
},
{
    "fields": {
        "ambito": 2,
        "agrupacionPolitica": 2,
        "ubigeo": 30
    },
    "model": "elecciones_app.apoliticaubigeo",
    "pk": 7
},
{
    "fields": {
        "ambito": 3,
        "agrupacionPolitica": 2,
        "ubigeo": 30
    },
    "model": "elecciones_app.apoliticaubigeo",
    "pk": 8
},
{
    "fields": {
        "ambito": 1,
        "agrupacionPolitica": 3,
        "ubigeo": 30
    },
    "model": "elecciones_app.apoliticaubigeo",
    "pk": 9
},
{
    "fields": {
        "ambito": 3,
        "agrupacionPolitica": 3,
        "ubigeo": 30
    },
    "model": "elecciones_app.apoliticaubigeo",
    "pk": 10
},
{
    "fields": {
        "ambito": 4,
        "agrupacionPolitica": 3,
        "ubigeo": 30
    },
    "model": "elecciones_app.apoliticaubigeo",
    "pk": 11
},
{
    "fields": {
        "ambito": 1,
        "agrupacionPolitica": 1,
        "ubigeo": 26
    },
    "model": "elecciones_app.apoliticaubigeo",
    "pk": 12
},
{
    "fields": {
        "ambito": 2,
        "agrupacionPolitica": 1,
        "ubigeo": 26
    },
    "model": "elecciones_app.apoliticaubigeo",
    "pk": 13
},
{
    "fields": {
        "ambito": 3,
        "agrupacionPolitica": 1,
        "ubigeo": 26
    },
    "model": "elecciones_app.apoliticaubigeo",
    "pk": 14
},
{
    "fields": {
        "ambito": 4,
        "agrupacionPolitica": 1,
        "ubigeo": 26
    },
    "model": "elecciones_app.apoliticaubigeo",
    "pk": 15
},
{
    "fields": {
        "ambito": 1,
        "agrupacionPolitica": 4,
        "ubigeo": 26
    },
    "model": "elecciones_app.apoliticaubigeo",
    "pk": 16
},
{
    "fields": {
        "ambito": 2,
        "agrupacionPolitica": 4,
        "ubigeo": 26
    },
    "model": "elecciones_app.apoliticaubigeo",
    "pk": 17
},
{
    "fields": {
        "ambito": 3,
        "agrupacionPolitica": 4,
        "ubigeo": 26
    },
    "model": "elecciones_app.apoliticaubigeo",
    "pk": 18
},
{
    "fields": {
        "ambito": 4,
        "agrupacionPolitica": 4,
        "ubigeo": 26
    },
    "model": "elecciones_app.apoliticaubigeo",
    "pk": 19
},
{
    "fields": {
        "ambito": 2,
        "agrupacionPolitica": 3,
        "ubigeo": 30
    },
    "model": "elecciones_app.apoliticaubigeo",
    "pk": 20
},
{
    "fields": {
        "ambito": 4,
        "agrupacionPolitica": 7,
        "ubigeo": 30
    },
    "model": "elecciones_app.apoliticaubigeo",
    "pk": 21
},
{
    "fields": {
        "ambito": 4,
        "agrupacionPolitica": 8,
        "ubigeo": 26
    },
    "model": "elecciones_app.apoliticaubigeo",
    "pk": 22
}
]
